Date of analysis,Country,Total country population,Level 1,Area,Validity period,From,To,Phase,Number,Percentage
Nov 2025,SEN,19573989,,Kanel,current,2025-10-01,2025-12-31,all,371969,1.0
Nov 2025,SEN,19573989,,Kanel,current,2025-10-01,2025-12-31,3+,11159,0.03
Nov 2025,SEN,19573989,,Kanel,current,2025-10-01,2025-12-31,1,308734,0.83
Nov 2025,SEN,19573989,,Kanel,current,2025-10-01,2025-12-31,2,52076,0.14
Nov 2025,SEN,19573989,,Kanel,current,2025-10-01,2025-12-31,3,11159,0.03
Nov 2025,SEN,19573989,,Kanel,current,2025-10-01,2025-12-31,4,0,0
Nov 2025,SEN,19573989,,Kanel,current,2025-10-01,2025-12-31,5,0,0
Nov 2025,SEN,19573989,,Kanel,first projection,2026-06-01,2026-08-31,all,371969,1.0
Nov 2025,SEN,19573989,,Kanel,first projection,2026-06-01,2026-08-31,3+,22318,0.06
Nov 2025,SEN,19573989,,Kanel,first projection,2026-06-01,2026-08-31,1,264098,0.71
Nov 2025,SEN,19573989,,Kanel,first projection,2026-06-01,2026-08-31,2,85553,0.23
Nov 2025,SEN,19573989,,Kanel,first projection,2026-06-01,2026-08-31,3,22318,0.06
Nov 2025,SEN,19573989,,Kanel,first projection,2026-06-01,2026-08-31,4,0,0
Nov 2025,SEN,19573989,,Kanel,first projection,2026-06-01,2026-08-31,5,0,0
Nov 2025,SEN,19573989,,Diourbel,current,2025-10-01,2025-12-31,all,376393,1.0
Nov 2025,SEN,19573989,,Diourbel,current,2025-10-01,2025-12-31,3+,11292,0.03
Nov 2025,SEN,19573989,,Diourbel,current,2025-10-01,2025-12-31,1,319934,0.85
Nov 2025,SEN,19573989,,Diourbel,current,2025-10-01,2025-12-31,2,45167,0.12
Nov 2025,SEN,19573989,,Diourbel,current,2025-10-01,2025-12-31,3,11292,0.03
Nov 2025,SEN,19573989,,Diourbel,current,2025-10-01,2025-12-31,4,0,0
Nov 2025,SEN,19573989,,Diourbel,current,2025-10-01,2025-12-31,5,0,0
Nov 2025,SEN,19573989,,Diourbel,first projection,2026-06-01,2026-08-31,all,376393,1.0
Nov 2025,SEN,19573989,,Diourbel,first projection,2026-06-01,2026-08-31,3+,18820,0.05
Nov 2025,SEN,19573989,,Diourbel,first projection,2026-06-01,2026-08-31,1,289823,0.77
Nov 2025,SEN,19573989,,Diourbel,first projection,2026-06-01,2026-08-31,2,67751,0.18
Nov 2025,SEN,19573989,,Diourbel,first projection,2026-06-01,2026-08-31,3,18820,0.05
Nov 2025,SEN,19573989,,Diourbel,first projection,2026-06-01,2026-08-31,4,0,0
Nov 2025,SEN,19573989,,Diourbel,first projection,2026-06-01,2026-08-31,5,0,0
Nov 2025,SEN,19573989,,Saraya,current,2025-10-01,2025-12-31,all,101020,1.0
Nov 2025,SEN,19573989,,Saraya,current,2025-10-01,2025-12-31,3+,14143,0.14
Nov 2025,SEN,19573989,,Saraya,current,2025-10-01,2025-12-31,1,58592,0.58
Nov 2025,SEN,19573989,,Saraya,current,2025-10-01,2025-12-31,2,28286,0.28
Nov 2025,SEN,19573989,,Saraya,current,2025-10-01,2025-12-31,3,13133,0.13
Nov 2025,SEN,19573989,,Saraya,current,2025-10-01,2025-12-31,4,1010,0.01
Nov 2025,SEN,19573989,,Saraya,current,2025-10-01,2025-12-31,5,0,0
Nov 2025,SEN,19573989,,Saraya,first projection,2026-06-01,2026-08-31,all,101020,1.0
Nov 2025,SEN,19573989,,Saraya,first projection,2026-06-01,2026-08-31,3+,22224,0.22
Nov 2025,SEN,19573989,,Saraya,first projection,2026-06-01,2026-08-31,1,43439,0.43
Nov 2025,SEN,19573989,,Saraya,first projection,2026-06-01,2026-08-31,2,35357,0.35
Nov 2025,SEN,19573989,,Saraya,first projection,2026-06-01,2026-08-31,3,20204,0.2
Nov 2025,SEN,19573989,,Saraya,first projection,2026-06-01,2026-08-31,4,2020,0.02
Nov 2025,SEN,19573989,,Saraya,first projection,2026-06-01,2026-08-31,5,0,0
Nov 2025,SEN,19573989,,Sedhiou,current,2025-10-01,2025-12-31,all,211301,1.0
Nov 2025,SEN,19573989,,Sedhiou,current,2025-10-01,2025-12-31,3+,2113,0.01
Nov 2025,SEN,19573989,,Sedhiou,current,2025-10-01,2025-12-31,1,181719,0.86
Nov 2025,SEN,19573989,,Sedhiou,current,2025-10-01,2025-12-31,2,27469,0.13
Nov 2025,SEN,19573989,,Sedhiou,current,2025-10-01,2025-12-31,3,2113,0.01
Nov 2025,SEN,19573989,,Sedhiou,current,2025-10-01,2025-12-31,4,0,0
Nov 2025,SEN,19573989,,Sedhiou,current,2025-10-01,2025-12-31,5,0,0
Nov 2025,SEN,19573989,,Sedhiou,first projection,2026-06-01,2026-08-31,all,211301,1.0
Nov 2025,SEN,19573989,,Sedhiou,first projection,2026-06-01,2026-08-31,3+,4226,0.02
Nov 2025,SEN,19573989,,Sedhiou,first projection,2026-06-01,2026-08-31,1,166928,0.79
Nov 2025,SEN,19573989,,Sedhiou,first projection,2026-06-01,2026-08-31,2,40147,0.19
Nov 2025,SEN,19573989,,Sedhiou,first projection,2026-06-01,2026-08-31,3,4226,0.02
Nov 2025,SEN,19573989,,Sedhiou,first projection,2026-06-01,2026-08-31,4,0,0
Nov 2025,SEN,19573989,,Sedhiou,first projection,2026-06-01,2026-08-31,5,0,0
Nov 2025,SEN,19573989,,Kaolack,current,2025-10-01,2025-12-31,all,720195,1.0
Nov 2025,SEN,19573989,,Kaolack,current,2025-10-01,2025-12-31,3+,0,0
Nov 2025,SEN,19573989,,Kaolack,current,2025-10-01,2025-12-31,1,669781,0.93
Nov 2025,SEN,19573989,,Kaolack,current,2025-10-01,2025-12-31,2,50414,0.07
Nov 2025,SEN,19573989,,Kaolack,current,2025-10-01,2025-12-31,3,0,0
Nov 2025,SEN,19573989,,Kaolack,current,2025-10-01,2025-12-31,4,0,0
Nov 2025,SEN,19573989,,Kaolack,current,2025-10-01,2025-12-31,5,0,0
Nov 2025,SEN,19573989,,Kaolack,first projection,2026-06-01,2026-08-31,all,720195,1.0
Nov 2025,SEN,19573989,,Kaolack,first projection,2026-06-01,2026-08-31,3+,7202,0.01
Nov 2025,SEN,19573989,,Kaolack,first projection,2026-06-01,2026-08-31,1,648176,0.9
Nov 2025,SEN,19573989,,Kaolack,first projection,2026-06-01,2026-08-31,2,64818,0.09
Nov 2025,SEN,19573989,,Kaolack,first projection,2026-06-01,2026-08-31,3,7202,0.01
Nov 2025,SEN,19573989,,Kaolack,first projection,2026-06-01,2026-08-31,4,0,0
Nov 2025,SEN,19573989,,Kaolack,first projection,2026-06-01,2026-08-31,5,0,0
Nov 2025,SEN,19573989,,Saint louis,current,2025-10-01,2025-12-31,all,415517,1.0
Nov 2025,SEN,19573989,,Saint louis,current,2025-10-01,2025-12-31,3+,0,0
Nov 2025,SEN,19573989,,Saint louis,current,2025-10-01,2025-12-31,1,382276,0.92
Nov 2025,SEN,19573989,,Saint louis,current,2025-10-01,2025-12-31,2,33241,0.08
Nov 2025,SEN,19573989,,Saint louis,current,2025-10-01,2025-12-31,3,0,0
Nov 2025,SEN,19573989,,Saint louis,current,2025-10-01,2025-12-31,4,0,0
Nov 2025,SEN,19573989,,Saint louis,current,2025-10-01,2025-12-31,5,0,0
Nov 2025,SEN,19573989,,Saint louis,first projection,2026-06-01,2026-08-31,all,415517,1.0
Nov 2025,SEN,19573989,,Saint louis,first projection,2026-06-01,2026-08-31,3+,4155,0.01
Nov 2025,SEN,19573989,,Saint louis,first projection,2026-06-01,2026-08-31,1,361500,0.87
Nov 2025,SEN,19573989,,Saint louis,first projection,2026-06-01,2026-08-31,2,49862,0.12
Nov 2025,SEN,19573989,,Saint louis,first projection,2026-06-01,2026-08-31,3,4155,0.01
Nov 2025,SEN,19573989,,Saint louis,first projection,2026-06-01,2026-08-31,4,0,0
Nov 2025,SEN,19573989,,Saint louis,first projection,2026-06-01,2026-08-31,5,0,0
Nov 2025,SEN,19573989,,Tivaouane,current,2025-10-01,2025-12-31,all,703328,1.0
Nov 2025,SEN,19573989,,Tivaouane,current,2025-10-01,2025-12-31,3+,21100,0.03
Nov 2025,SEN,19573989,,Tivaouane,current,2025-10-01,2025-12-31,1,590796,0.84
Nov 2025,SEN,19573989,,Tivaouane,current,2025-10-01,2025-12-31,2,91433,0.13
Nov 2025,SEN,19573989,,Tivaouane,current,2025-10-01,2025-12-31,3,21100,0.03
Nov 2025,SEN,19573989,,Tivaouane,current,2025-10-01,2025-12-31,4,0,0
Nov 2025,SEN,19573989,,Tivaouane,current,2025-10-01,2025-12-31,5,0,0
Nov 2025,SEN,19573989,,Tivaouane,first projection,2026-06-01,2026-08-31,all,703328,1.0
Nov 2025,SEN,19573989,,Tivaouane,first projection,2026-06-01,2026-08-31,3+,14067,0.02
Nov 2025,SEN,19573989,,Tivaouane,first projection,2026-06-01,2026-08-31,1,611895,0.87
Nov 2025,SEN,19573989,,Tivaouane,first projection,2026-06-01,2026-08-31,2,77366,0.11
Nov 2025,SEN,19573989,,Tivaouane,first projection,2026-06-01,2026-08-31,3,14067,0.02
Nov 2025,SEN,19573989,,Tivaouane,first projection,2026-06-01,2026-08-31,4,0,0
Nov 2025,SEN,19573989,,Tivaouane,first projection,2026-06-01,2026-08-31,5,0,0
Nov 2025,SEN,19573989,,Louga,current,2025-10-01,2025-12-31,all,511625,1.0
Nov 2025,SEN,19573989,,Louga,current,2025-10-01,2025-12-31,3+,5116,0.01
Nov 2025,SEN,19573989,,Louga,current,2025-10-01,2025-12-31,1,496276,0.97
Nov 2025,SEN,19573989,,Louga,current,2025-10-01,2025-12-31,2,10233,0.02
Nov 2025,SEN,19573989,,Louga,current,2025-10-01,2025-12-31,3,5116,0.01
Nov 2025,SEN,19573989,,Louga,current,2025-10-01,2025-12-31,4,0,0
Nov 2025,SEN,19573989,,Louga,current,2025-10-01,2025-12-31,5,0,0
Nov 2025,SEN,19573989,,Louga,first projection,2026-06-01,2026-08-31,all,511625,1.0
Nov 2025,SEN,19573989,,Louga,first projection,2026-06-01,2026-08-31,3+,10233,0.02
Nov 2025,SEN,19573989,,Louga,first projection,2026-06-01,2026-08-31,1,480928,0.94
Nov 2025,SEN,19573989,,Louga,first projection,2026-06-01,2026-08-31,2,20465,0.04
Nov 2025,SEN,19573989,,Louga,first projection,2026-06-01,2026-08-31,3,10233,0.02
Nov 2025,SEN,19573989,,Louga,first projection,2026-06-01,2026-08-31,4,0,0
Nov 2025,SEN,19573989,,Louga,first projection,2026-06-01,2026-08-31,5,0,0
Nov 2025,SEN,19573989,,Medina yoroufoula,current,2025-10-01,2025-12-31,all,202418,1.0
Nov 2025,SEN,19573989,,Medina yoroufoula,current,2025-10-01,2025-12-31,3+,12145,0.06
Nov 2025,SEN,19573989,,Medina yoroufoula,current,2025-10-01,2025-12-31,1,163959,0.81
Nov 2025,SEN,19573989,,Medina yoroufoula,current,2025-10-01,2025-12-31,2,26314,0.13
Nov 2025,SEN,19573989,,Medina yoroufoula,current,2025-10-01,2025-12-31,3,12145,0.06
Nov 2025,SEN,19573989,,Medina yoroufoula,current,2025-10-01,2025-12-31,4,0,0
Nov 2025,SEN,19573989,,Medina yoroufoula,current,2025-10-01,2025-12-31,5,0,0
Nov 2025,SEN,19573989,,Medina yoroufoula,first projection,2026-06-01,2026-08-31,all,202418,1.0
Nov 2025,SEN,19573989,,Medina yoroufoula,first projection,2026-06-01,2026-08-31,3+,18218,0.09
Nov 2025,SEN,19573989,,Medina yoroufoula,first projection,2026-06-01,2026-08-31,1,129548,0.64
Nov 2025,SEN,19573989,,Medina yoroufoula,first projection,2026-06-01,2026-08-31,2,54653,0.27
Nov 2025,SEN,19573989,,Medina yoroufoula,first projection,2026-06-01,2026-08-31,3,18218,0.09
Nov 2025,SEN,19573989,,Medina yoroufoula,first projection,2026-06-01,2026-08-31,4,0,0
Nov 2025,SEN,19573989,,Medina yoroufoula,first projection,2026-06-01,2026-08-31,5,0,0
Nov 2025,SEN,19573989,,Bambey,current,2025-10-01,2025-12-31,all,411787,1.0
Nov 2025,SEN,19573989,,Bambey,current,2025-10-01,2025-12-31,3+,20589,0.05
Nov 2025,SEN,19573989,,Bambey,current,2025-10-01,2025-12-31,1,321194,0.78
Nov 2025,SEN,19573989,,Bambey,current,2025-10-01,2025-12-31,2,70004,0.17
Nov 2025,SEN,19573989,,Bambey,current,2025-10-01,2025-12-31,3,20589,0.05
Nov 2025,SEN,19573989,,Bambey,current,2025-10-01,2025-12-31,4,0,0
Nov 2025,SEN,19573989,,Bambey,current,2025-10-01,2025-12-31,5,0,0
Nov 2025,SEN,19573989,,Bambey,first projection,2026-06-01,2026-08-31,all,411787,1.0
Nov 2025,SEN,19573989,,Bambey,first projection,2026-06-01,2026-08-31,3+,32943,0.08
Nov 2025,SEN,19573989,,Bambey,first projection,2026-06-01,2026-08-31,1,284133,0.69
Nov 2025,SEN,19573989,,Bambey,first projection,2026-06-01,2026-08-31,2,94711,0.23
Nov 2025,SEN,19573989,,Bambey,first projection,2026-06-01,2026-08-31,3,32943,0.08
Nov 2025,SEN,19573989,,Bambey,first projection,2026-06-01,2026-08-31,4,0,0
Nov 2025,SEN,19573989,,Bambey,first projection,2026-06-01,2026-08-31,5,0,0
Nov 2025,SEN,19573989,,Salemata,current,2025-10-01,2025-12-31,all,30490,1.0
Nov 2025,SEN,19573989,,Salemata,current,2025-10-01,2025-12-31,3+,3964,0.13
Nov 2025,SEN,19573989,,Salemata,current,2025-10-01,2025-12-31,1,17379,0.57
Nov 2025,SEN,19573989,,Salemata,current,2025-10-01,2025-12-31,2,9147,0.3
Nov 2025,SEN,19573989,,Salemata,current,2025-10-01,2025-12-31,3,3659,0.12
Nov 2025,SEN,19573989,,Salemata,current,2025-10-01,2025-12-31,4,305,0.01
Nov 2025,SEN,19573989,,Salemata,current,2025-10-01,2025-12-31,5,0,0
Nov 2025,SEN,19573989,,Salemata,first projection,2026-06-01,2026-08-31,all,30490,1.0
Nov 2025,SEN,19573989,,Salemata,first projection,2026-06-01,2026-08-31,3+,5488,0.18
Nov 2025,SEN,19573989,,Salemata,first projection,2026-06-01,2026-08-31,1,14330,0.47
Nov 2025,SEN,19573989,,Salemata,first projection,2026-06-01,2026-08-31,2,10672,0.35
Nov 2025,SEN,19573989,,Salemata,first projection,2026-06-01,2026-08-31,3,4878,0.16
Nov 2025,SEN,19573989,,Salemata,first projection,2026-06-01,2026-08-31,4,610,0.02
Nov 2025,SEN,19573989,,Salemata,first projection,2026-06-01,2026-08-31,5,0,0
Nov 2025,SEN,19573989,,Foundiougne,current,2025-10-01,2025-12-31,all,408842,1.0
Nov 2025,SEN,19573989,,Foundiougne,current,2025-10-01,2025-12-31,3+,20442,0.05
Nov 2025,SEN,19573989,,Foundiougne,current,2025-10-01,2025-12-31,1,335250,0.82
Nov 2025,SEN,19573989,,Foundiougne,current,2025-10-01,2025-12-31,2,53149,0.13
Nov 2025,SEN,19573989,,Foundiougne,current,2025-10-01,2025-12-31,3,20442,0.05
Nov 2025,SEN,19573989,,Foundiougne,current,2025-10-01,2025-12-31,4,0,0
Nov 2025,SEN,19573989,,Foundiougne,current,2025-10-01,2025-12-31,5,0,0
Nov 2025,SEN,19573989,,Foundiougne,first projection,2026-06-01,2026-08-31,all,408842,1.0
Nov 2025,SEN,19573989,,Foundiougne,first projection,2026-06-01,2026-08-31,3+,24531,0.06
Nov 2025,SEN,19573989,,Foundiougne,first projection,2026-06-01,2026-08-31,1,294366,0.72
Nov 2025,SEN,19573989,,Foundiougne,first projection,2026-06-01,2026-08-31,2,89945,0.22
Nov 2025,SEN,19573989,,Foundiougne,first projection,2026-06-01,2026-08-31,3,24531,0.06
Nov 2025,SEN,19573989,,Foundiougne,first projection,2026-06-01,2026-08-31,4,0,0
Nov 2025,SEN,19573989,,Foundiougne,first projection,2026-06-01,2026-08-31,5,0,0
Nov 2025,SEN,19573989,,Ranerou,current,2025-10-01,2025-12-31,all,112428,1.0
Nov 2025,SEN,19573989,,Ranerou,current,2025-10-01,2025-12-31,3+,5621,0.05
Nov 2025,SEN,19573989,,Ranerou,current,2025-10-01,2025-12-31,1,88818,0.79
Nov 2025,SEN,19573989,,Ranerou,current,2025-10-01,2025-12-31,2,17988,0.16
Nov 2025,SEN,19573989,,Ranerou,current,2025-10-01,2025-12-31,3,5621,0.05
Nov 2025,SEN,19573989,,Ranerou,current,2025-10-01,2025-12-31,4,0,0
Nov 2025,SEN,19573989,,Ranerou,current,2025-10-01,2025-12-31,5,0,0
Nov 2025,SEN,19573989,,Ranerou,first projection,2026-06-01,2026-08-31,all,112428,1.0
Nov 2025,SEN,19573989,,Ranerou,first projection,2026-06-01,2026-08-31,3+,7870,0.07
Nov 2025,SEN,19573989,,Ranerou,first projection,2026-06-01,2026-08-31,1,79824,0.71
Nov 2025,SEN,19573989,,Ranerou,first projection,2026-06-01,2026-08-31,2,24734,0.22
Nov 2025,SEN,19573989,,Ranerou,first projection,2026-06-01,2026-08-31,3,7870,0.07
Nov 2025,SEN,19573989,,Ranerou,first projection,2026-06-01,2026-08-31,4,0,0
Nov 2025,SEN,19573989,,Ranerou,first projection,2026-06-01,2026-08-31,5,0,0
Nov 2025,SEN,19573989,,Rufisque,current,2025-10-01,2025-12-31,all,865664,1.0
Nov 2025,SEN,19573989,,Rufisque,current,2025-10-01,2025-12-31,3+,8657,0.01
Nov 2025,SEN,19573989,,Rufisque,current,2025-10-01,2025-12-31,1,770441,0.89
Nov 2025,SEN,19573989,,Rufisque,current,2025-10-01,2025-12-31,2,86566,0.1
Nov 2025,SEN,19573989,,Rufisque,current,2025-10-01,2025-12-31,3,8657,0.01
Nov 2025,SEN,19573989,,Rufisque,current,2025-10-01,2025-12-31,4,0,0
Nov 2025,SEN,19573989,,Rufisque,current,2025-10-01,2025-12-31,5,0,0
Nov 2025,SEN,19573989,,Rufisque,first projection,2026-06-01,2026-08-31,all,865664,1.0
Nov 2025,SEN,19573989,,Rufisque,first projection,2026-06-01,2026-08-31,3+,17313,0.02
Nov 2025,SEN,19573989,,Rufisque,first projection,2026-06-01,2026-08-31,1,753128,0.87
Nov 2025,SEN,19573989,,Rufisque,first projection,2026-06-01,2026-08-31,2,95223,0.11
Nov 2025,SEN,19573989,,Rufisque,first projection,2026-06-01,2026-08-31,3,17313,0.02
Nov 2025,SEN,19573989,,Rufisque,first projection,2026-06-01,2026-08-31,4,0,0
Nov 2025,SEN,19573989,,Rufisque,first projection,2026-06-01,2026-08-31,5,0,0
Nov 2025,SEN,19573989,,Linguere,current,2025-10-01,2025-12-31,all,341927,1.0
Nov 2025,SEN,19573989,,Linguere,current,2025-10-01,2025-12-31,3+,41031,0.12
Nov 2025,SEN,19573989,,Linguere,current,2025-10-01,2025-12-31,1,215414,0.63
Nov 2025,SEN,19573989,,Linguere,current,2025-10-01,2025-12-31,2,85482,0.25
Nov 2025,SEN,19573989,,Linguere,current,2025-10-01,2025-12-31,3,37612,0.11
Nov 2025,SEN,19573989,,Linguere,current,2025-10-01,2025-12-31,4,3419,0.01
Nov 2025,SEN,19573989,,Linguere,current,2025-10-01,2025-12-31,5,0,0
Nov 2025,SEN,19573989,,Linguere,first projection,2026-06-01,2026-08-31,all,341927,1.0
Nov 2025,SEN,19573989,,Linguere,first projection,2026-06-01,2026-08-31,3+,54709,0.16
Nov 2025,SEN,19573989,,Linguere,first projection,2026-06-01,2026-08-31,1,167544,0.49
Nov 2025,SEN,19573989,,Linguere,first projection,2026-06-01,2026-08-31,2,119674,0.35
Nov 2025,SEN,19573989,,Linguere,first projection,2026-06-01,2026-08-31,3,47870,0.14
Nov 2025,SEN,19573989,,Linguere,first projection,2026-06-01,2026-08-31,4,6839,0.02
Nov 2025,SEN,19573989,,Linguere,first projection,2026-06-01,2026-08-31,5,0,0
Nov 2025,SEN,19573989,,Birkelane,current,2025-10-01,2025-12-31,all,167353,1.0
Nov 2025,SEN,19573989,,Birkelane,current,2025-10-01,2025-12-31,3+,8368,0.05
Nov 2025,SEN,19573989,,Birkelane,current,2025-10-01,2025-12-31,1,135556,0.81
Nov 2025,SEN,19573989,,Birkelane,current,2025-10-01,2025-12-31,2,23429,0.14
Nov 2025,SEN,19573989,,Birkelane,current,2025-10-01,2025-12-31,3,8368,0.05
Nov 2025,SEN,19573989,,Birkelane,current,2025-10-01,2025-12-31,4,0,0
Nov 2025,SEN,19573989,,Birkelane,current,2025-10-01,2025-12-31,5,0,0
Nov 2025,SEN,19573989,,Birkelane,first projection,2026-06-01,2026-08-31,all,167353,1.0
Nov 2025,SEN,19573989,,Birkelane,first projection,2026-06-01,2026-08-31,3+,11715,0.07
Nov 2025,SEN,19573989,,Birkelane,first projection,2026-06-01,2026-08-31,1,118821,0.71
Nov 2025,SEN,19573989,,Birkelane,first projection,2026-06-01,2026-08-31,2,36818,0.22
Nov 2025,SEN,19573989,,Birkelane,first projection,2026-06-01,2026-08-31,3,11715,0.07
Nov 2025,SEN,19573989,,Birkelane,first projection,2026-06-01,2026-08-31,4,0,0
Nov 2025,SEN,19573989,,Birkelane,first projection,2026-06-01,2026-08-31,5,0,0
Nov 2025,SEN,19573989,,Fatick,current,2025-10-01,2025-12-31,all,444977,1.0
Nov 2025,SEN,19573989,,Fatick,current,2025-10-01,2025-12-31,3+,4450,0.01
Nov 2025,SEN,19573989,,Fatick,current,2025-10-01,2025-12-31,1,382680,0.86
Nov 2025,SEN,19573989,,Fatick,current,2025-10-01,2025-12-31,2,57847,0.13
Nov 2025,SEN,19573989,,Fatick,current,2025-10-01,2025-12-31,3,4450,0.01
Nov 2025,SEN,19573989,,Fatick,current,2025-10-01,2025-12-31,4,0,0
Nov 2025,SEN,19573989,,Fatick,current,2025-10-01,2025-12-31,5,0,0
Nov 2025,SEN,19573989,,Fatick,first projection,2026-06-01,2026-08-31,all,444977,1.0
Nov 2025,SEN,19573989,,Fatick,first projection,2026-06-01,2026-08-31,3+,8900,0.02
Nov 2025,SEN,19573989,,Fatick,first projection,2026-06-01,2026-08-31,1,369331,0.83
Nov 2025,SEN,19573989,,Fatick,first projection,2026-06-01,2026-08-31,2,66747,0.15
Nov 2025,SEN,19573989,,Fatick,first projection,2026-06-01,2026-08-31,3,8900,0.02
Nov 2025,SEN,19573989,,Fatick,first projection,2026-06-01,2026-08-31,4,0,0
Nov 2025,SEN,19573989,,Fatick,first projection,2026-06-01,2026-08-31,5,0,0
Nov 2025,SEN,19573989,,Malem-hodar,current,2025-10-01,2025-12-31,all,149832,1.0
Nov 2025,SEN,19573989,,Malem-hodar,current,2025-10-01,2025-12-31,3+,11986,0.08
Nov 2025,SEN,19573989,,Malem-hodar,current,2025-10-01,2025-12-31,1,112374,0.75
Nov 2025,SEN,19573989,,Malem-hodar,current,2025-10-01,2025-12-31,2,25471,0.17
Nov 2025,SEN,19573989,,Malem-hodar,current,2025-10-01,2025-12-31,3,10488,0.07
Nov 2025,SEN,19573989,,Malem-hodar,current,2025-10-01,2025-12-31,4,1498,0.01
Nov 2025,SEN,19573989,,Malem-hodar,current,2025-10-01,2025-12-31,5,0,0
Nov 2025,SEN,19573989,,Malem-hodar,first projection,2026-06-01,2026-08-31,all,149832,1.0
Nov 2025,SEN,19573989,,Malem-hodar,first projection,2026-06-01,2026-08-31,3+,14984,0.1
Nov 2025,SEN,19573989,,Malem-hodar,first projection,2026-06-01,2026-08-31,1,106381,0.71
Nov 2025,SEN,19573989,,Malem-hodar,first projection,2026-06-01,2026-08-31,2,28468,0.19
Nov 2025,SEN,19573989,,Malem-hodar,first projection,2026-06-01,2026-08-31,3,11987,0.08
Nov 2025,SEN,19573989,,Malem-hodar,first projection,2026-06-01,2026-08-31,4,2997,0.02
Nov 2025,SEN,19573989,,Malem-hodar,first projection,2026-06-01,2026-08-31,5,0,0
Nov 2025,SEN,19573989,,Goudiry,current,2025-10-01,2025-12-31,all,183898,1.0
Nov 2025,SEN,19573989,,Goudiry,current,2025-10-01,2025-12-31,3+,20229,0.11
Nov 2025,SEN,19573989,,Goudiry,current,2025-10-01,2025-12-31,1,126890,0.69
Nov 2025,SEN,19573989,,Goudiry,current,2025-10-01,2025-12-31,2,36780,0.2
Nov 2025,SEN,19573989,,Goudiry,current,2025-10-01,2025-12-31,3,18390,0.1
Nov 2025,SEN,19573989,,Goudiry,current,2025-10-01,2025-12-31,4,1839,0.01
Nov 2025,SEN,19573989,,Goudiry,current,2025-10-01,2025-12-31,5,0,0
Nov 2025,SEN,19573989,,Goudiry,first projection,2026-06-01,2026-08-31,all,183898,1.0
Nov 2025,SEN,19573989,,Goudiry,first projection,2026-06-01,2026-08-31,3+,36780,0.2
Nov 2025,SEN,19573989,,Goudiry,first projection,2026-06-01,2026-08-31,1,101144,0.55
Nov 2025,SEN,19573989,,Goudiry,first projection,2026-06-01,2026-08-31,2,45975,0.25
Nov 2025,SEN,19573989,,Goudiry,first projection,2026-06-01,2026-08-31,3,33102,0.18
Nov 2025,SEN,19573989,,Goudiry,first projection,2026-06-01,2026-08-31,4,3678,0.02
Nov 2025,SEN,19573989,,Goudiry,first projection,2026-06-01,2026-08-31,5,0,0
Nov 2025,SEN,19573989,,Podor,current,2025-10-01,2025-12-31,all,521323,1.0
Nov 2025,SEN,19573989,,Podor,current,2025-10-01,2025-12-31,3+,41706,0.08
Nov 2025,SEN,19573989,,Podor,current,2025-10-01,2025-12-31,1,307581,0.59
Nov 2025,SEN,19573989,,Podor,current,2025-10-01,2025-12-31,2,172037,0.33
Nov 2025,SEN,19573989,,Podor,current,2025-10-01,2025-12-31,3,36493,0.07
Nov 2025,SEN,19573989,,Podor,current,2025-10-01,2025-12-31,4,5213,0.01
Nov 2025,SEN,19573989,,Podor,current,2025-10-01,2025-12-31,5,0,0
Nov 2025,SEN,19573989,,Podor,first projection,2026-06-01,2026-08-31,all,521323,1.0
Nov 2025,SEN,19573989,,Podor,first projection,2026-06-01,2026-08-31,3+,57345,0.11
Nov 2025,SEN,19573989,,Podor,first projection,2026-06-01,2026-08-31,1,245022,0.47
Nov 2025,SEN,19573989,,Podor,first projection,2026-06-01,2026-08-31,2,218956,0.42
Nov 2025,SEN,19573989,,Podor,first projection,2026-06-01,2026-08-31,3,46919,0.09
Nov 2025,SEN,19573989,,Podor,first projection,2026-06-01,2026-08-31,4,10426,0.02
Nov 2025,SEN,19573989,,Podor,first projection,2026-06-01,2026-08-31,5,0,0
Nov 2025,SEN,19573989,,Keur massar,current,2025-10-01,2025-12-31,all,814863,1.0
Nov 2025,SEN,19573989,,Keur massar,current,2025-10-01,2025-12-31,3+,8149,0.01
Nov 2025,SEN,19573989,,Keur massar,current,2025-10-01,2025-12-31,1,717079,0.88
Nov 2025,SEN,19573989,,Keur massar,current,2025-10-01,2025-12-31,2,89635,0.11
Nov 2025,SEN,19573989,,Keur massar,current,2025-10-01,2025-12-31,3,8149,0.01
Nov 2025,SEN,19573989,,Keur massar,current,2025-10-01,2025-12-31,4,0,0
Nov 2025,SEN,19573989,,Keur massar,current,2025-10-01,2025-12-31,5,0,0
Nov 2025,SEN,19573989,,Keur massar,first projection,2026-06-01,2026-08-31,all,814863,1.0
Nov 2025,SEN,19573989,,Keur massar,first projection,2026-06-01,2026-08-31,3+,16297,0.02
Nov 2025,SEN,19573989,,Keur massar,first projection,2026-06-01,2026-08-31,1,700782,0.86
Nov 2025,SEN,19573989,,Keur massar,first projection,2026-06-01,2026-08-31,2,97784,0.12
Nov 2025,SEN,19573989,,Keur massar,first projection,2026-06-01,2026-08-31,3,16297,0.02
Nov 2025,SEN,19573989,,Keur massar,first projection,2026-06-01,2026-08-31,4,0,0
Nov 2025,SEN,19573989,,Keur massar,first projection,2026-06-01,2026-08-31,5,0,0
Nov 2025,SEN,19573989,,Bounkiling,current,2025-10-01,2025-12-31,all,227236,1.0
Nov 2025,SEN,19573989,,Bounkiling,current,2025-10-01,2025-12-31,3+,4545,0.02
Nov 2025,SEN,19573989,,Bounkiling,current,2025-10-01,2025-12-31,1,193151,0.85
Nov 2025,SEN,19573989,,Bounkiling,current,2025-10-01,2025-12-31,2,29541,0.13
Nov 2025,SEN,19573989,,Bounkiling,current,2025-10-01,2025-12-31,3,4545,0.02
Nov 2025,SEN,19573989,,Bounkiling,current,2025-10-01,2025-12-31,4,0,0
Nov 2025,SEN,19573989,,Bounkiling,current,2025-10-01,2025-12-31,5,0,0
Nov 2025,SEN,19573989,,Bounkiling,first projection,2026-06-01,2026-08-31,all,227236,1.0
Nov 2025,SEN,19573989,,Bounkiling,first projection,2026-06-01,2026-08-31,3+,9089,0.04
Nov 2025,SEN,19573989,,Bounkiling,first projection,2026-06-01,2026-08-31,1,170427,0.75
Nov 2025,SEN,19573989,,Bounkiling,first projection,2026-06-01,2026-08-31,2,47720,0.21
Nov 2025,SEN,19573989,,Bounkiling,first projection,2026-06-01,2026-08-31,3,9089,0.04
Nov 2025,SEN,19573989,,Bounkiling,first projection,2026-06-01,2026-08-31,4,0,0
Nov 2025,SEN,19573989,,Bounkiling,first projection,2026-06-01,2026-08-31,5,0,0
Nov 2025,SEN,19573989,,Velingara,current,2025-10-01,2025-12-31,all,442205,1.0
Nov 2025,SEN,19573989,,Velingara,current,2025-10-01,2025-12-31,3+,8844,0.02
Nov 2025,SEN,19573989,,Velingara,current,2025-10-01,2025-12-31,1,389140,0.88
Nov 2025,SEN,19573989,,Velingara,current,2025-10-01,2025-12-31,2,44221,0.1
Nov 2025,SEN,19573989,,Velingara,current,2025-10-01,2025-12-31,3,8844,0.02
Nov 2025,SEN,19573989,,Velingara,current,2025-10-01,2025-12-31,4,0,0
Nov 2025,SEN,19573989,,Velingara,current,2025-10-01,2025-12-31,5,0,0
Nov 2025,SEN,19573989,,Velingara,first projection,2026-06-01,2026-08-31,all,442205,1.0
Nov 2025,SEN,19573989,,Velingara,first projection,2026-06-01,2026-08-31,3+,17688,0.04
Nov 2025,SEN,19573989,,Velingara,first projection,2026-06-01,2026-08-31,1,362608,0.82
Nov 2025,SEN,19573989,,Velingara,first projection,2026-06-01,2026-08-31,2,61909,0.14
Nov 2025,SEN,19573989,,Velingara,first projection,2026-06-01,2026-08-31,3,17688,0.04
Nov 2025,SEN,19573989,,Velingara,first projection,2026-06-01,2026-08-31,4,0,0
Nov 2025,SEN,19573989,,Velingara,first projection,2026-06-01,2026-08-31,5,0,0
Nov 2025,SEN,19573989,,Guediawaye,current,2025-10-01,2025-12-31,all,394263,1.0
Nov 2025,SEN,19573989,,Guediawaye,current,2025-10-01,2025-12-31,3+,3943,0.01
Nov 2025,SEN,19573989,,Guediawaye,current,2025-10-01,2025-12-31,1,346951,0.88
Nov 2025,SEN,19573989,,Guediawaye,current,2025-10-01,2025-12-31,2,43369,0.11
Nov 2025,SEN,19573989,,Guediawaye,current,2025-10-01,2025-12-31,3,3943,0.01
Nov 2025,SEN,19573989,,Guediawaye,current,2025-10-01,2025-12-31,4,0,0
Nov 2025,SEN,19573989,,Guediawaye,current,2025-10-01,2025-12-31,5,0,0
Nov 2025,SEN,19573989,,Guediawaye,first projection,2026-06-01,2026-08-31,all,394263,1.0
Nov 2025,SEN,19573989,,Guediawaye,first projection,2026-06-01,2026-08-31,3+,7885,0.02
Nov 2025,SEN,19573989,,Guediawaye,first projection,2026-06-01,2026-08-31,1,331181,0.84
Nov 2025,SEN,19573989,,Guediawaye,first projection,2026-06-01,2026-08-31,2,55197,0.14
Nov 2025,SEN,19573989,,Guediawaye,first projection,2026-06-01,2026-08-31,3,7885,0.02
Nov 2025,SEN,19573989,,Guediawaye,first projection,2026-06-01,2026-08-31,4,0,0
Nov 2025,SEN,19573989,,Guediawaye,first projection,2026-06-01,2026-08-31,5,0,0
Nov 2025,SEN,19573989,,Kedougou,current,2025-10-01,2025-12-31,all,135193,1.0
Nov 2025,SEN,19573989,,Kedougou,current,2025-10-01,2025-12-31,3+,4056,0.03
Nov 2025,SEN,19573989,,Kedougou,current,2025-10-01,2025-12-31,1,87875,0.65
Nov 2025,SEN,19573989,,Kedougou,current,2025-10-01,2025-12-31,2,43262,0.32
Nov 2025,SEN,19573989,,Kedougou,current,2025-10-01,2025-12-31,3,4056,0.03
Nov 2025,SEN,19573989,,Kedougou,current,2025-10-01,2025-12-31,4,0,0
Nov 2025,SEN,19573989,,Kedougou,current,2025-10-01,2025-12-31,5,0,0
Nov 2025,SEN,19573989,,Kedougou,first projection,2026-06-01,2026-08-31,all,135193,1.0
Nov 2025,SEN,19573989,,Kedougou,first projection,2026-06-01,2026-08-31,3+,6760,0.05
Nov 2025,SEN,19573989,,Kedougou,first projection,2026-06-01,2026-08-31,1,67597,0.5
Nov 2025,SEN,19573989,,Kedougou,first projection,2026-06-01,2026-08-31,2,60837,0.45
Nov 2025,SEN,19573989,,Kedougou,first projection,2026-06-01,2026-08-31,3,6760,0.05
Nov 2025,SEN,19573989,,Kedougou,first projection,2026-06-01,2026-08-31,4,0,0
Nov 2025,SEN,19573989,,Kedougou,first projection,2026-06-01,2026-08-31,5,0,0
Nov 2025,SEN,19573989,,Bakel,current,2025-10-01,2025-12-31,all,207884,1.0
Nov 2025,SEN,19573989,,Bakel,current,2025-10-01,2025-12-31,3+,4158,0.02
Nov 2025,SEN,19573989,,Bakel,current,2025-10-01,2025-12-31,1,191253,0.92
Nov 2025,SEN,19573989,,Bakel,current,2025-10-01,2025-12-31,2,12473,0.06
Nov 2025,SEN,19573989,,Bakel,current,2025-10-01,2025-12-31,3,4158,0.02
Nov 2025,SEN,19573989,,Bakel,current,2025-10-01,2025-12-31,4,0,0
Nov 2025,SEN,19573989,,Bakel,current,2025-10-01,2025-12-31,5,0,0
Nov 2025,SEN,19573989,,Bakel,first projection,2026-06-01,2026-08-31,all,207884,1.0
Nov 2025,SEN,19573989,,Bakel,first projection,2026-06-01,2026-08-31,3+,6237,0.03
Nov 2025,SEN,19573989,,Bakel,first projection,2026-06-01,2026-08-31,1,185017,0.89
Nov 2025,SEN,19573989,,Bakel,first projection,2026-06-01,2026-08-31,2,16631,0.08
Nov 2025,SEN,19573989,,Bakel,first projection,2026-06-01,2026-08-31,3,6237,0.03
Nov 2025,SEN,19573989,,Bakel,first projection,2026-06-01,2026-08-31,4,0,0
Nov 2025,SEN,19573989,,Bakel,first projection,2026-06-01,2026-08-31,5,0,0
Nov 2025,SEN,19573989,,Mbour,current,2025-10-01,2025-12-31,all,1015214,1.0
Nov 2025,SEN,19573989,,Mbour,current,2025-10-01,2025-12-31,3+,10152,0.01
Nov 2025,SEN,19573989,,Mbour,current,2025-10-01,2025-12-31,1,852780,0.84
Nov 2025,SEN,19573989,,Mbour,current,2025-10-01,2025-12-31,2,152282,0.15
Nov 2025,SEN,19573989,,Mbour,current,2025-10-01,2025-12-31,3,10152,0.01
Nov 2025,SEN,19573989,,Mbour,current,2025-10-01,2025-12-31,4,0,0
Nov 2025,SEN,19573989,,Mbour,current,2025-10-01,2025-12-31,5,0,0
Nov 2025,SEN,19573989,,Mbour,first projection,2026-06-01,2026-08-31,all,1015214,1.0
Nov 2025,SEN,19573989,,Mbour,first projection,2026-06-01,2026-08-31,3+,30456,0.03
Nov 2025,SEN,19573989,,Mbour,first projection,2026-06-01,2026-08-31,1,761411,0.75
Nov 2025,SEN,19573989,,Mbour,first projection,2026-06-01,2026-08-31,2,223347,0.22
Nov 2025,SEN,19573989,,Mbour,first projection,2026-06-01,2026-08-31,3,30456,0.03
Nov 2025,SEN,19573989,,Mbour,first projection,2026-06-01,2026-08-31,4,0,0
Nov 2025,SEN,19573989,,Mbour,first projection,2026-06-01,2026-08-31,5,0,0
Nov 2025,SEN,19573989,,Thies,current,2025-10-01,2025-12-31,all,932912,1.0
Nov 2025,SEN,19573989,,Thies,current,2025-10-01,2025-12-31,3+,18658,0.02
Nov 2025,SEN,19573989,,Thies,current,2025-10-01,2025-12-31,1,820963,0.88
Nov 2025,SEN,19573989,,Thies,current,2025-10-01,2025-12-31,2,93291,0.1
Nov 2025,SEN,19573989,,Thies,current,2025-10-01,2025-12-31,3,18658,0.02
Nov 2025,SEN,19573989,,Thies,current,2025-10-01,2025-12-31,4,0,0
Nov 2025,SEN,19573989,,Thies,current,2025-10-01,2025-12-31,5,0,0
Nov 2025,SEN,19573989,,Thies,first projection,2026-06-01,2026-08-31,all,932912,1.0
Nov 2025,SEN,19573989,,Thies,first projection,2026-06-01,2026-08-31,3+,27987,0.03
Nov 2025,SEN,19573989,,Thies,first projection,2026-06-01,2026-08-31,1,792975,0.85
Nov 2025,SEN,19573989,,Thies,first projection,2026-06-01,2026-08-31,2,111949,0.12
Nov 2025,SEN,19573989,,Thies,first projection,2026-06-01,2026-08-31,3,27987,0.03
Nov 2025,SEN,19573989,,Thies,first projection,2026-06-01,2026-08-31,4,0,0
Nov 2025,SEN,19573989,,Thies,first projection,2026-06-01,2026-08-31,5,0,0
Nov 2025,SEN,19573989,,Dagana,current,2025-10-01,2025-12-31,all,352975,1.0
Nov 2025,SEN,19573989,,Dagana,current,2025-10-01,2025-12-31,3+,0,0
Nov 2025,SEN,19573989,,Dagana,current,2025-10-01,2025-12-31,1,324737,0.92
Nov 2025,SEN,19573989,,Dagana,current,2025-10-01,2025-12-31,2,28238,0.08
Nov 2025,SEN,19573989,,Dagana,current,2025-10-01,2025-12-31,3,0,0
Nov 2025,SEN,19573989,,Dagana,current,2025-10-01,2025-12-31,4,0,0
Nov 2025,SEN,19573989,,Dagana,current,2025-10-01,2025-12-31,5,0,0
Nov 2025,SEN,19573989,,Dagana,first projection,2026-06-01,2026-08-31,all,352975,1.0
Nov 2025,SEN,19573989,,Dagana,first projection,2026-06-01,2026-08-31,3+,0,0
Nov 2025,SEN,19573989,,Dagana,first projection,2026-06-01,2026-08-31,1,331797,0.94
Nov 2025,SEN,19573989,,Dagana,first projection,2026-06-01,2026-08-31,2,21179,0.06
Nov 2025,SEN,19573989,,Dagana,first projection,2026-06-01,2026-08-31,3,0,0
Nov 2025,SEN,19573989,,Dagana,first projection,2026-06-01,2026-08-31,4,0,0
Nov 2025,SEN,19573989,,Dagana,first projection,2026-06-01,2026-08-31,5,0,0
Nov 2025,SEN,19573989,,Dakar,current,2025-10-01,2025-12-31,all,1352406,1.0
Nov 2025,SEN,19573989,,Dakar,current,2025-10-01,2025-12-31,3+,13524,0.01
Nov 2025,SEN,19573989,,Dakar,current,2025-10-01,2025-12-31,1,1217165,0.9
Nov 2025,SEN,19573989,,Dakar,current,2025-10-01,2025-12-31,2,121717,0.09
Nov 2025,SEN,19573989,,Dakar,current,2025-10-01,2025-12-31,3,13524,0.01
Nov 2025,SEN,19573989,,Dakar,current,2025-10-01,2025-12-31,4,0,0
Nov 2025,SEN,19573989,,Dakar,current,2025-10-01,2025-12-31,5,0,0
Nov 2025,SEN,19573989,,Dakar,first projection,2026-06-01,2026-08-31,all,1352406,1.0
Nov 2025,SEN,19573989,,Dakar,first projection,2026-06-01,2026-08-31,3+,27048,0.02
Nov 2025,SEN,19573989,,Dakar,first projection,2026-06-01,2026-08-31,1,1176593,0.87
Nov 2025,SEN,19573989,,Dakar,first projection,2026-06-01,2026-08-31,2,148765,0.11
Nov 2025,SEN,19573989,,Dakar,first projection,2026-06-01,2026-08-31,3,27048,0.02
Nov 2025,SEN,19573989,,Dakar,first projection,2026-06-01,2026-08-31,4,0,0
Nov 2025,SEN,19573989,,Dakar,first projection,2026-06-01,2026-08-31,5,0,0
Nov 2025,SEN,19573989,,Kebemer,current,2025-10-01,2025-12-31,all,364850,1.0
Nov 2025,SEN,19573989,,Kebemer,current,2025-10-01,2025-12-31,3+,3649,0.01
Nov 2025,SEN,19573989,,Kebemer,current,2025-10-01,2025-12-31,1,342959,0.94
Nov 2025,SEN,19573989,,Kebemer,current,2025-10-01,2025-12-31,2,18243,0.05
Nov 2025,SEN,19573989,,Kebemer,current,2025-10-01,2025-12-31,3,3649,0.01
Nov 2025,SEN,19573989,,Kebemer,current,2025-10-01,2025-12-31,4,0,0
Nov 2025,SEN,19573989,,Kebemer,current,2025-10-01,2025-12-31,5,0,0
Nov 2025,SEN,19573989,,Kebemer,first projection,2026-06-01,2026-08-31,all,364850,1.0
Nov 2025,SEN,19573989,,Kebemer,first projection,2026-06-01,2026-08-31,3+,7297,0.02
Nov 2025,SEN,19573989,,Kebemer,first projection,2026-06-01,2026-08-31,1,332014,0.91
Nov 2025,SEN,19573989,,Kebemer,first projection,2026-06-01,2026-08-31,2,25540,0.07
Nov 2025,SEN,19573989,,Kebemer,first projection,2026-06-01,2026-08-31,3,7297,0.02
Nov 2025,SEN,19573989,,Kebemer,first projection,2026-06-01,2026-08-31,4,0,0
Nov 2025,SEN,19573989,,Kebemer,first projection,2026-06-01,2026-08-31,5,0,0
Nov 2025,SEN,19573989,,Koumpentoum,current,2025-10-01,2025-12-31,all,222524,1.0
Nov 2025,SEN,19573989,,Koumpentoum,current,2025-10-01,2025-12-31,3+,13351,0.06
Nov 2025,SEN,19573989,,Koumpentoum,current,2025-10-01,2025-12-31,1,162443,0.73
Nov 2025,SEN,19573989,,Koumpentoum,current,2025-10-01,2025-12-31,2,46730,0.21
Nov 2025,SEN,19573989,,Koumpentoum,current,2025-10-01,2025-12-31,3,13351,0.06
Nov 2025,SEN,19573989,,Koumpentoum,current,2025-10-01,2025-12-31,4,0,0
Nov 2025,SEN,19573989,,Koumpentoum,current,2025-10-01,2025-12-31,5,0,0
Nov 2025,SEN,19573989,,Koumpentoum,first projection,2026-06-01,2026-08-31,all,222524,1.0
Nov 2025,SEN,19573989,,Koumpentoum,first projection,2026-06-01,2026-08-31,3+,17802,0.08
Nov 2025,SEN,19573989,,Koumpentoum,first projection,2026-06-01,2026-08-31,1,149091,0.67
Nov 2025,SEN,19573989,,Koumpentoum,first projection,2026-06-01,2026-08-31,2,55631,0.25
Nov 2025,SEN,19573989,,Koumpentoum,first projection,2026-06-01,2026-08-31,3,17802,0.08
Nov 2025,SEN,19573989,,Koumpentoum,first projection,2026-06-01,2026-08-31,4,0,0
Nov 2025,SEN,19573989,,Koumpentoum,first projection,2026-06-01,2026-08-31,5,0,0
Nov 2025,SEN,19573989,,Goudomp,current,2025-10-01,2025-12-31,all,205619,1.0
Nov 2025,SEN,19573989,,Goudomp,current,2025-10-01,2025-12-31,3+,2056,0.01
Nov 2025,SEN,19573989,,Goudomp,current,2025-10-01,2025-12-31,1,183001,0.89
Nov 2025,SEN,19573989,,Goudomp,current,2025-10-01,2025-12-31,2,20562,0.1
Nov 2025,SEN,19573989,,Goudomp,current,2025-10-01,2025-12-31,3,2056,0.01
Nov 2025,SEN,19573989,,Goudomp,current,2025-10-01,2025-12-31,4,0,0
Nov 2025,SEN,19573989,,Goudomp,current,2025-10-01,2025-12-31,5,0,0
Nov 2025,SEN,19573989,,Goudomp,first projection,2026-06-01,2026-08-31,all,205619,1.0
Nov 2025,SEN,19573989,,Goudomp,first projection,2026-06-01,2026-08-31,3+,4112,0.02
Nov 2025,SEN,19573989,,Goudomp,first projection,2026-06-01,2026-08-31,1,160383,0.78
Nov 2025,SEN,19573989,,Goudomp,first projection,2026-06-01,2026-08-31,2,41124,0.2
Nov 2025,SEN,19573989,,Goudomp,first projection,2026-06-01,2026-08-31,3,4112,0.02
Nov 2025,SEN,19573989,,Goudomp,first projection,2026-06-01,2026-08-31,4,0,0
Nov 2025,SEN,19573989,,Goudomp,first projection,2026-06-01,2026-08-31,5,0,0
Nov 2025,SEN,19573989,,Bignona,current,2025-10-01,2025-12-31,all,303864,1.0
Nov 2025,SEN,19573989,,Bignona,current,2025-10-01,2025-12-31,3+,3039,0.01
Nov 2025,SEN,19573989,,Bignona,current,2025-10-01,2025-12-31,1,273478,0.9
Nov 2025,SEN,19573989,,Bignona,current,2025-10-01,2025-12-31,2,27348,0.09
Nov 2025,SEN,19573989,,Bignona,current,2025-10-01,2025-12-31,3,3039,0.01
Nov 2025,SEN,19573989,,Bignona,current,2025-10-01,2025-12-31,4,0,0
Nov 2025,SEN,19573989,,Bignona,current,2025-10-01,2025-12-31,5,0,0
Nov 2025,SEN,19573989,,Bignona,first projection,2026-06-01,2026-08-31,all,303864,1.0
Nov 2025,SEN,19573989,,Bignona,first projection,2026-06-01,2026-08-31,3+,6077,0.02
Nov 2025,SEN,19573989,,Bignona,first projection,2026-06-01,2026-08-31,1,255246,0.84
Nov 2025,SEN,19573989,,Bignona,first projection,2026-06-01,2026-08-31,2,42541,0.14
Nov 2025,SEN,19573989,,Bignona,first projection,2026-06-01,2026-08-31,3,6077,0.02
Nov 2025,SEN,19573989,,Bignona,first projection,2026-06-01,2026-08-31,4,0,0
Nov 2025,SEN,19573989,,Bignona,first projection,2026-06-01,2026-08-31,5,0,0
Nov 2025,SEN,19573989,,Pikine,current,2025-10-01,2025-12-31,all,808816,1.0
Nov 2025,SEN,19573989,,Pikine,current,2025-10-01,2025-12-31,3+,8088,0.01
Nov 2025,SEN,19573989,,Pikine,current,2025-10-01,2025-12-31,1,719846,0.89
Nov 2025,SEN,19573989,,Pikine,current,2025-10-01,2025-12-31,2,80882,0.1
Nov 2025,SEN,19573989,,Pikine,current,2025-10-01,2025-12-31,3,8088,0.01
Nov 2025,SEN,19573989,,Pikine,current,2025-10-01,2025-12-31,4,0,0
Nov 2025,SEN,19573989,,Pikine,current,2025-10-01,2025-12-31,5,0,0
Nov 2025,SEN,19573989,,Pikine,first projection,2026-06-01,2026-08-31,all,808816,1.0
Nov 2025,SEN,19573989,,Pikine,first projection,2026-06-01,2026-08-31,3+,16176,0.02
Nov 2025,SEN,19573989,,Pikine,first projection,2026-06-01,2026-08-31,1,695582,0.86
Nov 2025,SEN,19573989,,Pikine,first projection,2026-06-01,2026-08-31,2,97058,0.12
Nov 2025,SEN,19573989,,Pikine,first projection,2026-06-01,2026-08-31,3,16176,0.02
Nov 2025,SEN,19573989,,Pikine,first projection,2026-06-01,2026-08-31,4,0,0
Nov 2025,SEN,19573989,,Pikine,first projection,2026-06-01,2026-08-31,5,0,0
Nov 2025,SEN,19573989,,Matam,current,2025-10-01,2025-12-31,all,421381,1.0
Nov 2025,SEN,19573989,,Matam,current,2025-10-01,2025-12-31,3+,42138,0.1
Nov 2025,SEN,19573989,,Matam,current,2025-10-01,2025-12-31,1,248615,0.59
Nov 2025,SEN,19573989,,Matam,current,2025-10-01,2025-12-31,2,130628,0.31
Nov 2025,SEN,19573989,,Matam,current,2025-10-01,2025-12-31,3,42138,0.1
Nov 2025,SEN,19573989,,Matam,current,2025-10-01,2025-12-31,4,0,0
Nov 2025,SEN,19573989,,Matam,current,2025-10-01,2025-12-31,5,0,0
Nov 2025,SEN,19573989,,Matam,first projection,2026-06-01,2026-08-31,all,421381,1.0
Nov 2025,SEN,19573989,,Matam,first projection,2026-06-01,2026-08-31,3+,50566,0.12
Nov 2025,SEN,19573989,,Matam,first projection,2026-06-01,2026-08-31,1,261256,0.62
Nov 2025,SEN,19573989,,Matam,first projection,2026-06-01,2026-08-31,2,109559,0.26
Nov 2025,SEN,19573989,,Matam,first projection,2026-06-01,2026-08-31,3,50566,0.12
Nov 2025,SEN,19573989,,Matam,first projection,2026-06-01,2026-08-31,4,0,0
Nov 2025,SEN,19573989,,Matam,first projection,2026-06-01,2026-08-31,5,0,0
Nov 2025,SEN,19573989,,Oussouye,current,2025-10-01,2025-12-31,all,56600,1.0
Nov 2025,SEN,19573989,,Oussouye,current,2025-10-01,2025-12-31,3+,566,0.01
Nov 2025,SEN,19573989,,Oussouye,current,2025-10-01,2025-12-31,1,50374,0.89
Nov 2025,SEN,19573989,,Oussouye,current,2025-10-01,2025-12-31,2,5660,0.1
Nov 2025,SEN,19573989,,Oussouye,current,2025-10-01,2025-12-31,3,566,0.01
Nov 2025,SEN,19573989,,Oussouye,current,2025-10-01,2025-12-31,4,0,0
Nov 2025,SEN,19573989,,Oussouye,current,2025-10-01,2025-12-31,5,0,0
Nov 2025,SEN,19573989,,Oussouye,first projection,2026-06-01,2026-08-31,all,56600,1.0
Nov 2025,SEN,19573989,,Oussouye,first projection,2026-06-01,2026-08-31,3+,566,0.01
Nov 2025,SEN,19573989,,Oussouye,first projection,2026-06-01,2026-08-31,1,52638,0.93
Nov 2025,SEN,19573989,,Oussouye,first projection,2026-06-01,2026-08-31,2,3396,0.06
Nov 2025,SEN,19573989,,Oussouye,first projection,2026-06-01,2026-08-31,3,566,0.01
Nov 2025,SEN,19573989,,Oussouye,first projection,2026-06-01,2026-08-31,4,0,0
Nov 2025,SEN,19573989,,Oussouye,first projection,2026-06-01,2026-08-31,5,0,0
Nov 2025,SEN,19573989,,Kolda,current,2025-10-01,2025-12-31,all,353843,1.0
Nov 2025,SEN,19573989,,Kolda,current,2025-10-01,2025-12-31,3+,24769,0.07
Nov 2025,SEN,19573989,,Kolda,current,2025-10-01,2025-12-31,1,268921,0.76
Nov 2025,SEN,19573989,,Kolda,current,2025-10-01,2025-12-31,2,60153,0.17
Nov 2025,SEN,19573989,,Kolda,current,2025-10-01,2025-12-31,3,24769,0.07
Nov 2025,SEN,19573989,,Kolda,current,2025-10-01,2025-12-31,4,0,0
Nov 2025,SEN,19573989,,Kolda,current,2025-10-01,2025-12-31,5,0,0
Nov 2025,SEN,19573989,,Kolda,first projection,2026-06-01,2026-08-31,all,353843,1.0
Nov 2025,SEN,19573989,,Kolda,first projection,2026-06-01,2026-08-31,3+,42461,0.12
Nov 2025,SEN,19573989,,Kolda,first projection,2026-06-01,2026-08-31,1,226460,0.64
Nov 2025,SEN,19573989,,Kolda,first projection,2026-06-01,2026-08-31,2,84922,0.24
Nov 2025,SEN,19573989,,Kolda,first projection,2026-06-01,2026-08-31,3,38923,0.11
Nov 2025,SEN,19573989,,Kolda,first projection,2026-06-01,2026-08-31,4,3538,0.01
Nov 2025,SEN,19573989,,Kolda,first projection,2026-06-01,2026-08-31,5,0,0
Nov 2025,SEN,19573989,,Ziguinchor,current,2025-10-01,2025-12-31,all,291182,1.0
Nov 2025,SEN,19573989,,Ziguinchor,current,2025-10-01,2025-12-31,3+,2912,0.01
Nov 2025,SEN,19573989,,Ziguinchor,current,2025-10-01,2025-12-31,1,247505,0.85
Nov 2025,SEN,19573989,,Ziguinchor,current,2025-10-01,2025-12-31,2,40765,0.14
Nov 2025,SEN,19573989,,Ziguinchor,current,2025-10-01,2025-12-31,3,2912,0.01
Nov 2025,SEN,19573989,,Ziguinchor,current,2025-10-01,2025-12-31,4,0,0
Nov 2025,SEN,19573989,,Ziguinchor,current,2025-10-01,2025-12-31,5,0,0
Nov 2025,SEN,19573989,,Ziguinchor,first projection,2026-06-01,2026-08-31,all,291182,1.0
Nov 2025,SEN,19573989,,Ziguinchor,first projection,2026-06-01,2026-08-31,3+,8735,0.03
Nov 2025,SEN,19573989,,Ziguinchor,first projection,2026-06-01,2026-08-31,1,221298,0.76
Nov 2025,SEN,19573989,,Ziguinchor,first projection,2026-06-01,2026-08-31,2,61148,0.21
Nov 2025,SEN,19573989,,Ziguinchor,first projection,2026-06-01,2026-08-31,3,8735,0.03
Nov 2025,SEN,19573989,,Ziguinchor,first projection,2026-06-01,2026-08-31,4,0,0
Nov 2025,SEN,19573989,,Ziguinchor,first projection,2026-06-01,2026-08-31,5,0,0
Nov 2025,SEN,19573989,,Tambacounda,current,2025-10-01,2025-12-31,all,467953,1.0
Nov 2025,SEN,19573989,,Tambacounda,current,2025-10-01,2025-12-31,3+,4680,0.01
Nov 2025,SEN,19573989,,Tambacounda,current,2025-10-01,2025-12-31,1,425837,0.91
Nov 2025,SEN,19573989,,Tambacounda,current,2025-10-01,2025-12-31,2,37436,0.08
Nov 2025,SEN,19573989,,Tambacounda,current,2025-10-01,2025-12-31,3,4680,0.01
Nov 2025,SEN,19573989,,Tambacounda,current,2025-10-01,2025-12-31,4,0,0
Nov 2025,SEN,19573989,,Tambacounda,current,2025-10-01,2025-12-31,5,0,0
Nov 2025,SEN,19573989,,Tambacounda,first projection,2026-06-01,2026-08-31,all,467953,1.0
Nov 2025,SEN,19573989,,Tambacounda,first projection,2026-06-01,2026-08-31,3+,9359,0.02
Nov 2025,SEN,19573989,,Tambacounda,first projection,2026-06-01,2026-08-31,1,411799,0.88
Nov 2025,SEN,19573989,,Tambacounda,first projection,2026-06-01,2026-08-31,2,46795,0.1
Nov 2025,SEN,19573989,,Tambacounda,first projection,2026-06-01,2026-08-31,3,9359,0.02
Nov 2025,SEN,19573989,,Tambacounda,first projection,2026-06-01,2026-08-31,4,0,0
Nov 2025,SEN,19573989,,Tambacounda,first projection,2026-06-01,2026-08-31,5,0,0
Nov 2025,SEN,19573989,,Gossas,current,2025-10-01,2025-12-31,all,133927,1.0
Nov 2025,SEN,19573989,,Gossas,current,2025-10-01,2025-12-31,3+,5357,0.04
Nov 2025,SEN,19573989,,Gossas,current,2025-10-01,2025-12-31,1,112499,0.84
Nov 2025,SEN,19573989,,Gossas,current,2025-10-01,2025-12-31,2,16071,0.12
Nov 2025,SEN,19573989,,Gossas,current,2025-10-01,2025-12-31,3,5357,0.04
Nov 2025,SEN,19573989,,Gossas,current,2025-10-01,2025-12-31,4,0,0
Nov 2025,SEN,19573989,,Gossas,current,2025-10-01,2025-12-31,5,0,0
Nov 2025,SEN,19573989,,Gossas,first projection,2026-06-01,2026-08-31,all,133927,1.0
Nov 2025,SEN,19573989,,Gossas,first projection,2026-06-01,2026-08-31,3+,6696,0.05
Nov 2025,SEN,19573989,,Gossas,first projection,2026-06-01,2026-08-31,1,109820,0.82
Nov 2025,SEN,19573989,,Gossas,first projection,2026-06-01,2026-08-31,2,17411,0.13
Nov 2025,SEN,19573989,,Gossas,first projection,2026-06-01,2026-08-31,3,6696,0.05
Nov 2025,SEN,19573989,,Gossas,first projection,2026-06-01,2026-08-31,4,0,0
Nov 2025,SEN,19573989,,Gossas,first projection,2026-06-01,2026-08-31,5,0,0
Nov 2025,SEN,19573989,,Nioro du rip,current,2025-10-01,2025-12-31,all,558342,1.0
Nov 2025,SEN,19573989,,Nioro du rip,current,2025-10-01,2025-12-31,3+,0,0
Nov 2025,SEN,19573989,,Nioro du rip,current,2025-10-01,2025-12-31,1,508091,0.91
Nov 2025,SEN,19573989,,Nioro du rip,current,2025-10-01,2025-12-31,2,50251,0.09
Nov 2025,SEN,19573989,,Nioro du rip,current,2025-10-01,2025-12-31,3,0,0
Nov 2025,SEN,19573989,,Nioro du rip,current,2025-10-01,2025-12-31,4,0,0
Nov 2025,SEN,19573989,,Nioro du rip,current,2025-10-01,2025-12-31,5,0,0
Nov 2025,SEN,19573989,,Nioro du rip,first projection,2026-06-01,2026-08-31,all,558342,1.0
Nov 2025,SEN,19573989,,Nioro du rip,first projection,2026-06-01,2026-08-31,3+,5583,0.01
Nov 2025,SEN,19573989,,Nioro du rip,first projection,2026-06-01,2026-08-31,1,485758,0.87
Nov 2025,SEN,19573989,,Nioro du rip,first projection,2026-06-01,2026-08-31,2,67001,0.12
Nov 2025,SEN,19573989,,Nioro du rip,first projection,2026-06-01,2026-08-31,3,5583,0.01
Nov 2025,SEN,19573989,,Nioro du rip,first projection,2026-06-01,2026-08-31,4,0,0
Nov 2025,SEN,19573989,,Nioro du rip,first projection,2026-06-01,2026-08-31,5,0,0
Nov 2025,SEN,19573989,,Koungheul,current,2025-10-01,2025-12-31,all,280617,1.0
Nov 2025,SEN,19573989,,Koungheul,current,2025-10-01,2025-12-31,3+,19643,0.07
Nov 2025,SEN,19573989,,Koungheul,current,2025-10-01,2025-12-31,1,213269,0.76
Nov 2025,SEN,19573989,,Koungheul,current,2025-10-01,2025-12-31,2,47705,0.17
Nov 2025,SEN,19573989,,Koungheul,current,2025-10-01,2025-12-31,3,19643,0.07
Nov 2025,SEN,19573989,,Koungheul,current,2025-10-01,2025-12-31,4,0,0
Nov 2025,SEN,19573989,,Koungheul,current,2025-10-01,2025-12-31,5,0,0
Nov 2025,SEN,19573989,,Koungheul,first projection,2026-06-01,2026-08-31,all,280617,1.0
Nov 2025,SEN,19573989,,Koungheul,first projection,2026-06-01,2026-08-31,3+,28062,0.1
Nov 2025,SEN,19573989,,Koungheul,first projection,2026-06-01,2026-08-31,1,188013,0.67
Nov 2025,SEN,19573989,,Koungheul,first projection,2026-06-01,2026-08-31,2,64542,0.23
Nov 2025,SEN,19573989,,Koungheul,first projection,2026-06-01,2026-08-31,3,28062,0.1
Nov 2025,SEN,19573989,,Koungheul,first projection,2026-06-01,2026-08-31,4,0,0
Nov 2025,SEN,19573989,,Koungheul,first projection,2026-06-01,2026-08-31,5,0,0
Nov 2025,SEN,19573989,,Mbacke,current,2025-10-01,2025-12-31,all,1487328,1.0
Nov 2025,SEN,19573989,,Mbacke,current,2025-10-01,2025-12-31,3+,14873,0.01
Nov 2025,SEN,19573989,,Mbacke,current,2025-10-01,2025-12-31,1,1353468,0.91
Nov 2025,SEN,19573989,,Mbacke,current,2025-10-01,2025-12-31,2,118986,0.08
Nov 2025,SEN,19573989,,Mbacke,current,2025-10-01,2025-12-31,3,14873,0.01
Nov 2025,SEN,19573989,,Mbacke,current,2025-10-01,2025-12-31,4,0,0
Nov 2025,SEN,19573989,,Mbacke,current,2025-10-01,2025-12-31,5,0,0
Nov 2025,SEN,19573989,,Mbacke,first projection,2026-06-01,2026-08-31,all,1487328,1.0
Nov 2025,SEN,19573989,,Mbacke,first projection,2026-06-01,2026-08-31,3+,29747,0.02
Nov 2025,SEN,19573989,,Mbacke,first projection,2026-06-01,2026-08-31,1,1293975,0.87
Nov 2025,SEN,19573989,,Mbacke,first projection,2026-06-01,2026-08-31,2,163606,0.11
Nov 2025,SEN,19573989,,Mbacke,first projection,2026-06-01,2026-08-31,3,29747,0.02
Nov 2025,SEN,19573989,,Mbacke,first projection,2026-06-01,2026-08-31,4,0,0
Nov 2025,SEN,19573989,,Mbacke,first projection,2026-06-01,2026-08-31,5,0,0
Nov 2025,SEN,19573989,,Kaffrine,current,2025-10-01,2025-12-31,all,311063,1.0
Nov 2025,SEN,19573989,,Kaffrine,current,2025-10-01,2025-12-31,3+,15553,0.05
Nov 2025,SEN,19573989,,Kaffrine,current,2025-10-01,2025-12-31,1,251961,0.81
Nov 2025,SEN,19573989,,Kaffrine,current,2025-10-01,2025-12-31,2,43549,0.14
Nov 2025,SEN,19573989,,Kaffrine,current,2025-10-01,2025-12-31,3,15553,0.05
Nov 2025,SEN,19573989,,Kaffrine,current,2025-10-01,2025-12-31,4,0,0
Nov 2025,SEN,19573989,,Kaffrine,current,2025-10-01,2025-12-31,5,0,0
Nov 2025,SEN,19573989,,Kaffrine,first projection,2026-06-01,2026-08-31,all,311063,1.0
Nov 2025,SEN,19573989,,Kaffrine,first projection,2026-06-01,2026-08-31,3+,21774,0.07
Nov 2025,SEN,19573989,,Kaffrine,first projection,2026-06-01,2026-08-31,1,223965,0.72
Nov 2025,SEN,19573989,,Kaffrine,first projection,2026-06-01,2026-08-31,2,65323,0.21
Nov 2025,SEN,19573989,,Kaffrine,first projection,2026-06-01,2026-08-31,3,21774,0.07
Nov 2025,SEN,19573989,,Kaffrine,first projection,2026-06-01,2026-08-31,4,0,0
Nov 2025,SEN,19573989,,Kaffrine,first projection,2026-06-01,2026-08-31,5,0,0
Nov 2025,SEN,19573989,,Guinguineo,current,2025-10-01,2025-12-31,all,178642,1.0
Nov 2025,SEN,19573989,,Guinguineo,current,2025-10-01,2025-12-31,3+,3573,0.02
Nov 2025,SEN,19573989,,Guinguineo,current,2025-10-01,2025-12-31,1,150059,0.84
Nov 2025,SEN,19573989,,Guinguineo,current,2025-10-01,2025-12-31,2,25010,0.14
Nov 2025,SEN,19573989,,Guinguineo,current,2025-10-01,2025-12-31,3,3573,0.02
Nov 2025,SEN,19573989,,Guinguineo,current,2025-10-01,2025-12-31,4,0,0
Nov 2025,SEN,19573989,,Guinguineo,current,2025-10-01,2025-12-31,5,0,0
Nov 2025,SEN,19573989,,Guinguineo,first projection,2026-06-01,2026-08-31,all,178642,1.0
Nov 2025,SEN,19573989,,Guinguineo,first projection,2026-06-01,2026-08-31,3+,7146,0.04
Nov 2025,SEN,19573989,,Guinguineo,first projection,2026-06-01,2026-08-31,1,130409,0.73
Nov 2025,SEN,19573989,,Guinguineo,first projection,2026-06-01,2026-08-31,2,41088,0.23
Nov 2025,SEN,19573989,,Guinguineo,first projection,2026-06-01,2026-08-31,3,7146,0.04
Nov 2025,SEN,19573989,,Guinguineo,first projection,2026-06-01,2026-08-31,4,0,0
Nov 2025,SEN,19573989,,Guinguineo,first projection,2026-06-01,2026-08-31,5,0,0
